date,open,high,close,low,volume,price_change,p_change,ma5,ma10,ma20,v_ma5,v_ma10,v_ma20,turnover,
2019/7/1,50.38,51.98,50.78,50.04,119745.56,0.85,1.7,49.27,48.401,47.526,85718.14,90547.92,87614.92,1.72,271
2019/7/2,51.02,51.32,50.45,50,74806.94,-0.33,-0.65,49.804,48.845,47.683,89219.56,89781.08,87180.88,1.07,270
2019/7/3,50.4,51,49.34,48.5,129343.76,-1.11,-2.2,50.11,49.06,47.855,107276.06,93547.85,89520.15,1.86,269
2019/7/4,49.19,49.44,47.89,47.6,97478,-1.45,-2.94,49.678,48.984,47.992,98839.19,93819.98,89510.91,1.4,268
2019/7/5,48.05,48.46,48.31,47.6,63776,0.42,0.88,49.354,49.045,48.153,97030.05,87771.01,87921,0.92,267
2019/7/8,48.29,48.52,47.58,47.03,58758.08,-0.73,-1.51,48.714,48.992,48.217,84832.56,85275.35,86642.7,0.84,266
2019/7/9,47.84,48.1,47.83,47,50964.51,0.25,0.53,48.19,48.997,48.168,80064.07,84641.82,84009.76,0.73,265
2019/7/10,47.72,48.07,47.54,47.4,29647.98,-0.29,-0.61,47.83,48.97,48.154,60124.91,83700.49,81734.82,0.43,264
2019/7/11,47.87,47.96,46.76,46.23,75169.82,-0.78,-1.64,47.604,48.641,48.121,55663.28,77251.24,82909.36,1.08,263
2019/7/12,46.9,47.07,46.94,46.3,54678.32,0.18,0.39,47.33,48.342,48.108,53843.74,75436.9,81907.67,0.79,262
2019/7/15,46.94,47.2,46.99,45.79,55690.35,0.05,0.11,47.212,47.963,48.182,53230.2,69031.38,79789.65,0.8,261
2019/7/16,46.89,47.05,46.24,46,50428.83,-0.75,-1.6,46.894,47.542,48.194,53123.06,66593.57,78187.32,0.72,260
2019/7/17,46.24,47.13,47.06,45.9,61378.43,0.82,1.77,46.798,47.314,48.187,59469.15,59797.03,76672.44,0.88,259
2019/7/18,46.98,47.65,47.24,46.54,49940.65,0.18,0.38,46.894,47.249,48.117,54423.32,55043.3,74431.64,0.72,258
2019/7/19,47.3,47.58,47.1,46.9,34489.33,-0.14,-0.3,46.926,47.128,48.087,50385.52,52114.63,69942.82,0.5,257
2019/7/22,47,47,46.58,45.9,35802.35,-0.52,-1.1,46.844,47.028,48.01,46407.92,49819.06,67547.2,0.51,256
2019/7/23,46.5,47.56,47.51,46.34,53348.99,0.93,2,47.098,46.996,47.997,46991.95,50057.51,67349.66,0.77,255
2019/7/24,47.59,48.03,47.25,47.11,49531.4,-0.26,-0.55,47.136,46.967,47.969,44622.54,52045.85,67873.17,0.71,254
2019/7/25,47.08,47.25,46.61,46.25,62228.41,-0.64,-1.35,47.01,46.952,47.797,47080.1,50751.71,64001.47,0.89,253
2019/7/26,46.58,46.6,46.1,45.92,64696.52,-0.51,-1.09,46.81,46.868,47.605,53121.53,51753.53,63595.21,0.93,252
2019/7/29,46.37,46.48,46.4,46.09,64148.91,0.3,0.65,46.774,46.809,47.386,58790.85,52599.38,60815.38,0.92,251
2019/7/30,46.54,46.58,46.11,45.92,56825.43,-0.29,-0.62,46.494,46.796,47.169,59486.13,53239.04,59916.3,0.82,250
2019/7/31,46.05,46.3,45.31,45.2,66870.83,-0.8,-1.74,46.106,46.621,46.968,62954.02,53788.28,56792.66,0.96,249
2019/8/1,45.45,45.45,44.51,44.01,78003.2,-0.8,-1.77,45.686,46.348,46.799,66108.98,56594.54,55818.92,1.12,248
2019/8/2,43.4,43.77,43.53,43.25,52804.31,-0.98,-2.2,45.172,45.991,46.56,63730.54,58426.04,55270.33,0.76,247
2019/8/5,43,43.1,42.4,42.09,45856.1,-0.65,-1.51,44.372,45.573,46.301,60071.97,59431.41,54625.23,0.66,246
2019/8/6,41.9,42.29,42.09,40.54,86481.72,-0.31,-0.73,43.568,45.031,46.014,66003.23,62744.68,56401.09,1.24,245
2019/8/7,42.12,42.97,42.24,42.09,37769.65,0.15,0.36,42.954,44.53,45.749,60183,61568.51,56807.18,0.54,244
2019/8/8,42.42,44.42,44.26,42.4,88951.33,2.02,4.78,42.904,44.295,45.624,62372.62,64240.8,57496.25,1.28,243
2019/8/9,44.45,45,44.61,43.8,62681.91,0.35,0.79,43.12,44.146,45.507,64348.14,64039.34,57896.43,0.9,242
2019/8/12,44.5,45.8,45.7,44.5,69068.14,1.09,2.44,43.78,44.076,45.443,68990.55,64531.26,58565.32,0.99,241
2019/8/13,45.32,46.17,46.1,45.1,60440.13,0.4,0.88,44.582,44.075,45.436,63782.23,64892.73,59065.89,0.87,240
2019/8/14,46.6,46.63,46.26,46.11,49357.41,0.16,0.35,45.386,44.17,45.396,66099.78,63141.39,58464.84,0.71,239
2019/8/15,45.74,46.5,46.05,45.21,62361.38,-0.21,-0.45,45.744,44.324,45.336,60781.79,61577.21,59085.87,0.9,238
2019/8/16,48.52,50.66,50.66,48.35,194818.56,4.61,10.01,46.954,45.037,45.514,87209.12,75778.63,67102.33,2.8,237
2019/8/19,51,52.71,51.65,51,210917.78,0.99,1.95,48.144,45.962,45.768,115579.05,92284.8,75858.11,3.03,236
2019/8/20,51.1,52.38,51.7,51.1,96454.38,0.05,0.1,49.264,46.923,45.977,122781.9,93282.07,78013.38,1.39,235
2019/8/21,51.82,52.38,51.58,51.2,56253.08,-0.12,-0.23,50.328,47.857,46.194,124161.04,95130.41,78349.46,0.81,234
2019/8/22,51.82,53.63,52.58,51.82,106783.82,1,1.94,51.634,48.689,46.492,133045.52,96913.66,80577.23,1.53,233
2019/8/23,52.6,52.9,52.7,52.2,49808.2,0.12,0.23,52.042,49.498,46.822,104043.45,95626.29,79832.81,0.72,232
2019/8/26,52.1,52.5,52.1,51.02,59531.93,-0.6,-1.14,52.132,50.138,47.107,73766.28,94672.67,79601.96,0.86,231
2019/8/27,52.39,52.88,52.08,51.8,57469.55,-0.02,-0.04,52.208,50.736,47.406,65969.32,94375.61,79634.17,0.83,230
2019/8/28,52.11,52.85,52.2,51.55,47581.32,0.12,0.23,52.332,51.33,47.75,64234.96,94198,78669.7,0.68,229
2019/8/29,52.42,54.54,54.3,51.91,103378.32,2.1,4.02,52.676,52.155,48.24,63553.86,98299.69,79938.45,1.49,228
2019/8/30,54.3,54.31,52.82,52.55,86469.39,-1.48,-2.73,52.7,52.371,48.704,70886.1,87464.78,81621.71,1.24,227
2019/9/2,52.79,53.5,52.88,52.1,58426.73,0.06,0.11,52.856,52.494,49.228,70665.06,72215.67,82250.24,0.84,226
2019/9/3,52.86,53.2,52.21,51.8,55642.45,-0.67,-1.27,52.882,52.545,49.734,70299.64,68134.48,80708.27,0.8,225
2019/9/4,52.1,52.7,52,51.18,75260.04,-0.21,-0.4,52.842,52.587,50.222,75835.39,70035.18,82582.79,1.08,224
2019/9/5,52.3,52.45,51.11,51,85273.47,-0.89,-1.71,52.204,52.44,50.565,72214.42,67884.14,82398.9,1.23,223
2019/9/6,51.26,51.45,50.71,50.3,71979.88,-0.4,-0.78,51.782,52.241,50.87,69316.51,70101.31,82863.8,1.03,222
2019/9/9,50.99,51.3,50.01,49.66,104179.36,-0.7,-1.38,51.208,52.032,51.085,78467.04,74566.05,84619.36,1.5,221
2019/9/10,50.4,50.49,49.97,49.72,89699.09,-0.04,-0.08,50.76,51.821,51.279,85278.37,77789.01,86082.31,1.29,220
2019/9/11,49.9,49.97,49.46,48.3,93918.5,-0.51,-1.02,50.252,51.547,51.439,89010.06,82422.72,88310.36,1.35,219
2019/9/12,49.47,50.08,49.7,49.02,73470.56,0.24,0.48,49.97,51.087,51.621,86649.48,79431.95,88865.82,1.06,218
2019/9/16,49.66,50.77,50.39,49.31,105626.53,0.69,1.39,49.906,50.844,51.608,93378.81,81347.66,84406.22,1.52,217
2019/9/17,50.3,50.3,48.97,48.85,78259.05,-1.42,-2.82,49.698,50.453,51.474,88194.75,83330.89,77773.28,1.12,216
2019/9/18,49,51.2,50.38,49,99506.22,1.41,2.88,49.78,50.27,51.408,90156.17,87717.27,77925.87,1.43,215
2019/9/19,50.5,50.64,49.79,49.33,53597.17,-0.59,-1.17,49.846,50.049,51.318,82091.91,85550.98,77793.08,0.77,214
2019/9/20,49.9,50.5,50.04,49.5,64518.64,0.25,0.5,49.914,49.942,51.191,80301.52,83475.5,75679.82,0.93,213
2019/9/23,50.04,50.18,49.58,48.88,45877.18,-0.46,-0.92,49.752,49.829,51.035,68351.65,80865.23,75483.27,0.66,212
2019/9/24,49.88,49.97,49.1,48.9,53036.13,-0.48,-0.97,49.778,49.738,50.885,63307.07,75750.91,75158.48,0.76,211
2019/9/25,49.45,49.49,49.13,48.75,47788.06,0.03,0.06,49.528,49.654,50.738,52963.44,71559.8,74674.4,0.69,210
2019/9/26,49.44,50.33,48.86,48.36,54685.77,-0.27,-0.55,49.342,49.594,50.571,53181.16,67636.53,75029.63,0.79,209
2019/9/27,49.03,49.23,48.75,47,45843.13,-0.11,-0.23,49.084,49.499,50.293,49446.05,64873.79,72152.87,0.66,208
2019/9/30,49,49,48.5,48.02,23527.45,-0.25,-0.51,48.868,49.31,50.077,44976.11,56663.88,69005.77,0.34,207
2019/10/8,48.62,49.91,49.37,48.21,44907.02,0.87,1.79,48.922,49.35,49.902,43350.29,53328.68,68329.79,0.65,206
2019/10/9,49.41,49.55,49.43,48.4,31178.73,0.06,0.12,48.982,49.255,49.763,40028.42,46495.93,67106.6,0.45,205
2019/10/10,49.05,50.62,50.25,48.85,52927.06,0.82,1.66,49.26,49.301,49.675,39676.68,46428.92,65989.95,0.76,204
2019/10/11,50.37,51.4,49.51,49.35,60499.09,-0.74,-1.47,49.412,49.248,49.595,42607.87,46026.96,64751.23,0.87,203
2019/10/14,49.84,49.84,48.32,48.1,106996.63,-1.19,-2.4,49.376,49.122,49.476,59301.71,52138.91,66502.07,1.54,202
2019/10/15,48.18,48.49,47.72,47.66,48857.64,-0.6,-1.24,49.046,48.984,49.361,60091.83,51721.06,63735.98,0.7,201
2019/10/16,47.9,47.92,47.8,47.19,36658.2,0.08,0.17,48.72,48.851,49.253,61187.72,50608.07,61083.94,0.53,200
2019/10/17,47.82,47.82,47.5,47.31,28154.64,-0.3,-0.63,48.17,48.715,49.155,56233.24,47954.96,57795.75,0.4,199
2019/10/18,47.6,47.95,47.38,47,29449.02,-0.12,-0.25,47.744,48.578,49.039,50023.23,46315.55,55594.67,0.42,198
2019/10/21,47.12,47.55,47.14,46.71,32882.44,-0.24,-0.51,47.508,48.442,48.876,35200.39,47251.05,51957.46,0.47,197
2019/10/22,47.38,47.38,46.9,46.74,40170.05,-0.24,-0.51,47.344,48.195,48.773,33462.87,46777.35,50053.01,0.58,196
2019/10/23,46.8,47.14,46.5,46.1,37867.37,-0.4,-0.85,47.084,47.902,48.579,33704.7,47446.21,46971.07,0.54,195
2019/10/24,46.29,46.57,46.07,46.01,29596.5,-0.43,-0.93,46.798,47.484,48.393,33993.08,45113.16,45771.04,0.43,194
2019/10/25,46.01,47.1,46.85,45.73,36286.19,0.78,1.69,46.692,47.218,48.233,35360.51,42691.87,44359.42,0.52,193
2019/10/28,46.69,48,47.9,46.51,51137.7,1.05,2.24,46.844,47.176,48.149,39011.56,37105.98,44622.44,0.73,192
2019/10/29,48.15,49.63,48.8,47.51,91944.2,0.9,1.88,47.224,47.284,48.134,49366.39,41414.63,46567.84,1.32,191
2019/10/30,48.39,48.61,47.7,47.5,55822.41,-1.1,-2.25,47.464,47.274,48.063,52957.4,43331.05,46969.56,0.8,190
2019/10/31,47.79,47.8,47,46.55,47237.63,-0.7,-1.47,47.65,47.224,47.97,56485.63,45239.35,46597.16,0.68,189
2019/11/1,46.95,48.31,47.83,46.63,48479.7,0.83,1.77,47.846,47.269,47.924,58924.33,47142.42,46728.98,0.7,188
2019/11/4,47.87,48.87,48.32,47.8,47876.68,0.49,1.02,47.93,47.387,47.915,58272.12,48641.84,47946.45,0.69,187
2019/11/5,48.5,48.9,48.4,47.81,51002.89,0.08,0.17,47.85,47.537,47.866,50083.86,49725.13,48251.24,0.73,186
2019/11/6,48.69,49.2,47.77,47.52,44446.92,-0.63,-1.3,47.864,47.664,47.783,47808.76,50383.08,48914.65,0.64,185
2019/11/7,47.82,48,47.47,47.22,52640.99,-0.3,-0.63,47.958,47.804,47.644,48889.44,52687.53,48900.34,0.76,184
2019/11/8,47.86,49.79,48.92,47.77,120409.36,1.45,3.06,48.176,48.011,47.615,63275.37,61099.85,51895.86,1.73,183
2019/11/11,49.2,50.5,49.2,48.15,80803.54,0.28,0.57,48.352,48.141,47.659,69860.74,64066.43,50586.2,1.16,182
2019/11/12,49.36,51.49,51.28,49.36,143301.16,2.08,4.23,48.928,48.389,47.837,88320.39,69202.13,55308.38,2.06,181
2019/11/13,53,55.51,55.05,52.5,200687.25,3.77,7.35,50.384,49.124,48.199,119568.46,83688.61,63509.83,2.88,180
2019/11/14,54.91,56.4,55.19,53.86,98338.93,0.14,0.25,51.928,49.943,48.584,128708.05,88798.74,67019.05,1.41,179
2019/11/15,54.36,56.3,55.02,54.36,84740,-0.17,-0.31,53.148,50.662,48.966,121574.18,92424.77,69783.6,1.22,178
2019/11/18,55.12,55.5,54.5,53.65,76020.63,-0.52,-0.94,54.208,51.28,49.334,120617.59,95239.17,71940.51,1.09,177
2019/11/19,55.1,55.23,53.84,53,101579.09,-0.66,-1.21,54.72,51.824,49.681,112273.18,100296.79,75010.96,1.46,176
2019/11/20,54.01,54.47,53.07,52.95,65835.75,-0.77,-1.43,54.324,52.354,50.009,85302.88,102435.67,76409.38,0.95,175
2019/11/21,53.37,53.39,52.86,52.55,46936.94,-0.21,-0.4,53.858,52.893,50.349,75022.48,101865.27,77276.4,0.67,174
2019/11/22,53.16,53.2,51.95,51.28,71062.91,-0.91,-1.72,53.244,53.196,50.604,72287.06,96930.62,79015.23,1.02,173
2019/11/25,52,52.15,51.95,51,48561.74,0,0,52.734,53.471,50.806,66795.29,93706.44,78886.44,0.7,172
2019/11/26,52,52.46,52.4,51.32,42498.02,0.45,0.87,52.446,53.583,50.986,54979.07,83626.13,76414.13,0.61,171
2019/11/27,51.8,51.8,51.11,50.66,57392.34,-1.29,-2.46,52.054,53.189,51.157,53290.39,69296.64,76492.62,0.82,170
2019/11/28,51.18,51.78,51.35,50.91,41597.92,0.24,0.47,51.752,52.805,51.374,52222.59,63622.53,76210.64,0.6,169
2019/11/29,51.2,51.2,50.69,49.96,43935.49,-0.66,-1.28,51.5,52.372,51.517,46797.1,59542.08,75983.43,0.63,168
2019/12/2,50.6,51.01,50.6,50.2,27276.28,-0.09,-0.18,51.23,51.982,51.631,42540.01,54667.65,74953.41,0.39,167
2019/12/3,50.68,51.25,50.93,49.93,35010.72,0.33,0.65,50.936,51.691,51.758,41042.55,48010.81,74153.8,0.5,166
2019/12/4,51.1,51.21,50.93,50.5,26521.56,0,0,50.9,51.477,51.916,34868.39,44079.39,73257.53,0.38,165
2019/12/5,51.06,51.98,51.86,50.6,42175.03,0.93,1.83,51.002,51.377,52.135,34983.82,43603.2,72734.23,0.61,164
2019/12/6,51.88,52.28,52.1,51.5,41057.15,0.24,0.46,51.284,51.392,52.294,34408.15,40602.63,68766.62,0.59,163
2019/12/9,51.99,52.57,51.36,51.35,39246.87,-0.74,-1.42,51.436,51.333,52.402,36802.27,39671.14,66688.79,0.56,162
2019/12/10,51.35,51.35,50.78,50.61,37251.05,-0.58,-1.13,51.406,51.171,52.377,37250.33,39146.44,61386.28,0.54,161
2019/12/11,50.85,51.39,50.54,50.33,36248.72,-0.24,-0.47,51.328,51.114,52.152,39195.76,37032.08,53164.36,0.52,160
2019/12/12,50.55,51.95,51.74,50.2,57563.35,1.2,2.37,51.304,51.153,51.979,42273.43,38628.62,51125.58,0.83,159
2019/12/13,52.4,53.39,53.12,51.65,66130.72,1.38,2.67,51.508,51.396,51.884,47288.14,40848.15,50195.11,0.95,158
2019/12/16,53.15,53.54,52,51.35,86058.61,-1.12,-2.11,51.636,51.536,51.759,56650.49,46726.38,50697.01,1.24,157
2019/12/17,52,52,51.68,50.88,83607.36,-0.32,-0.61,51.816,51.611,51.651,65921.75,51586.04,49798.43,1.2,156
2019/12/18,51.52,51.65,51.22,51.1,39994.64,-0.46,-0.89,51.952,51.64,51.559,66670.94,52933.35,48506.37,0.57,155
2019/12/19,51.22,51.31,50.9,50.6,39102.77,-0.32,-0.62,51.784,51.544,51.461,62978.82,52626.12,48114.66,0.56,154
2019/12/20,50.85,51.38,50.94,50.6,37505.13,0.04,0.08,51.348,51.428,51.41,57253.7,52270.92,46436.77,0.54,153
2019/12/23,50.9,50.94,50.17,50.04,39277.13,-0.77,-1.51,50.982,51.309,51.321,47897.41,52273.95,45972.54,0.56,152
2019/12/24,50.29,50.46,50.3,49.3,46832.54,0.13,0.26,50.706,51.261,51.216,40542.44,53232.1,46189.27,0.67,151
2019/12/25,50.18,50.23,49.84,49.6,27753.52,-0.46,-0.92,50.43,51.191,51.153,38094.22,52382.58,44707.33,0.4,150
2019/12/26,49.98,50.45,50.37,49.68,25725.23,0.53,1.06,50.324,51.054,51.104,35418.71,49198.77,43913.69,0.37,149
2019/12/27,50.26,51.19,50.45,50.26,46257.46,0.08,0.16,50.226,50.787,51.092,37169.18,47211.44,44029.79,0.66,148
2019/12/30,50.52,51.17,51.09,50.11,49767.22,0.64,1.27,50.41,50.696,51.116,39267.19,43582.3,45154.34,0.72,147
2019/12/31,51.09,51.4,51,50.77,37561.77,-0.09,-0.18,50.55,50.628,51.12,37413.04,38977.74,45281.89,0.54,146
2020/1/2,51.5,51.55,51.11,50.83,51941.19,0.11,0.22,50.804,50.617,51.129,42250.57,40172.4,46552.87,0.75,145
2020/1/3,51.32,51.39,51.25,51.03,41112.22,0.14,0.27,50.98,50.652,51.098,45327.97,40373.34,46499.73,0.59,144
2020/1/6,50.83,50.85,50.01,49.83,59693.99,-1.24,-2.42,50.892,50.559,50.994,48015.28,42592.23,47431.57,0.86,143
2020/1/7,50.2,50.4,50.3,49.5,40810.7,0.29,0.58,50.734,50.572,50.941,46223.97,42745.58,47509.77,0.59,142
2020/1/8,50.04,50.32,50.02,49.79,29076.07,-0.28,-0.56,50.538,50.544,50.903,44526.83,40969.94,47101.02,0.42,141
2020/1/9,50.27,51.02,50.85,50.1,57661.15,0.83,1.66,50.486,50.645,50.918,45670.83,43960.7,48171.64,0.83,140
2020/1/10,50.94,51.61,51.32,50.33,64473.69,0.47,0.92,50.5,50.74,50.897,50343.12,47835.55,48517.16,0.93,139
2020/1/13,51.62,51.62,50.95,50.7,68516.88,-0.37,-0.72,50.688,50.79,50.789,52107.7,50061.49,48636.46,0.98,138
2020/1/14,51.02,51.02,50.36,50.1,79956.6,-0.59,-1.16,50.7,50.717,50.707,59936.88,53080.43,48331.36,1.15,137
2020/1/15,50.11,50.69,50.5,49.99,42965.15,0.14,0.28,50.796,50.667,50.648,62714.69,53620.76,46299.25,0.62,136
2020/1/16,50.58,50.96,50.7,50.3,44913.5,0.2,0.4,50.766,50.626,50.622,60165.16,52918,46545.2,0.65,135
2020/1/17,50.93,51.27,51.25,50.7,50379.28,0.55,1.08,50.752,50.626,50.639,57346.28,53844.7,47109.02,0.72,134
2020/1/20,51.17,52.46,51.9,51.02,73984.51,0.65,1.27,50.942,50.815,50.687,58439.81,55273.75,48932.99,1.06,133
2020/1/21,51.93,51.93,49.8,49.35,102847.47,-2.1,-4.05,50.83,50.765,50.669,63017.98,61477.43,52111.51,1.48,132
2020/1/22,49.1,49.85,49.73,47.8,80204.83,-0.07,-0.14,50.676,50.736,50.64,70465.92,66590.31,53780.12,1.15,131
2020/1/23,48.4,49.18,48.33,47.85,64160.79,-1.4,-2.81,50.202,50.484,50.565,74315.38,67240.27,55600.49,0.92,130
2020/2/3,43.5,43.97,43.5,43.5,65808.26,-4.83,-9.99,48.652,49.702,50.221,77401.17,67373.73,57604.64,0.95,129
2020/2/4,42.7,45.37,45.05,42.5,95196.35,1.55,3.56,47.282,49.112,49.951,81643.54,70041.67,60051.58,1.37,128
2020/2/5,45.05,45.57,44.81,44.56,61697.7,-0.24,-0.53,46.284,48.557,49.637,73413.59,68215.78,60648.11,0.89,127
2020/2/6,44.82,45.2,45.08,44.2,47977.51,0.27,0.6,45.354,48.015,49.341,66968.12,68717.02,61168.89,0.69,126
2020/2/7,44.7,46.47,45.61,44.62,67521.82,0.53,1.18,44.81,47.506,49.066,67640.33,70977.85,61947.92,0.97,125
2020/2/10,45.3,45.5,45.11,44.8,64729.94,-0.5,-1.1,45.132,46.892,48.759,67424.66,72412.92,63128.81,0.93,124
2020/2/11,45.18,45.98,45.55,44.99,74872.11,0.44,0.97,45.232,46.257,48.536,63359.82,72501.68,63887.72,1.08,123
2020/2/12,45.5,46.05,45.73,45.31,45987.23,0.18,0.4,45.416,45.85,48.308,60217.72,66815.65,64146.54,0.66,122
2020/2/13,45.72,45.88,44.98,44.98,43483.42,-0.75,-1.64,45.396,45.375,48.056,59318.9,63143.51,64866.91,0.62,121
2020/2/14,44.96,45.34,45,44.82,39013.31,0.02,0.04,45.274,45.042,47.763,53617.2,60628.77,63934.52,0.56,120
2020/2/17,45,45.56,45.5,44.9,60915.17,0.5,1.11,45.352,45.242,47.472,52854.25,60139.46,63756.59,0.88,119
2020/2/18,45.48,45.6,45.5,45.03,54130.33,0,0,45.342,45.287,47.2,48705.89,56032.85,63037.26,0.78,118
2020/2/19,45.55,46.18,45.54,45.4,87233.53,0.04,0.09,45.304,45.36,46.959,56955.15,58586.44,63401.11,1.25,117
2020/2/20,45.52,47.06,46.5,45.51,132903.27,0.96,2.11,45.608,45.502,46.759,74839.12,67079.01,67898.02,1.91,116
2020/2/21,46.5,46.7,46.22,46.09,80567.3,-0.28,-0.6,45.852,45.563,46.535,83149.92,68383.56,69680.71,1.16,115
2020/2/24,46,46,45.2,45.1,102269.95,-1.02,-2.21,45.792,45.572,46.232,91420.88,72137.56,72275.24,1.47,114
2020/2/25,44.48,44.79,44.24,43.88,92455.99,-0.96,-2.12,45.54,45.441,45.849,99086.01,73895.95,73198.81,1.33,113
2020/2/26,43.86,44.79,43.02,43,129634.1,-1.22,-2.76,45.036,45.17,45.51,107566.12,82260.64,74538.15,1.86,112
2020/2/27,43.37,44.15,43.74,43.25,71860.09,0.72,1.67,44.484,45.046,45.211,95357.49,85098.3,74120.91,1.03,111
2020/2/28,43.04,43.38,42.7,42.06,143272.44,-1.04,-2.38,43.78,44.816,44.929,107898.51,95524.22,78076.49,2.06,110
2020/3/2,42.6,43.95,43.3,42.6,110009.08,0.6,1.41,43.4,44.596,44.919,109446.34,100433.61,80286.53,1.58,109
2020/3/3,43.88,43.93,43.2,43.06,90621.26,-0.1,-0.23,43.192,44.366,44.827,109079.39,104082.7,80057.78,1.3,108
2020/3/4,43.16,44.25,44.25,42.73,87267.93,1.05,2.43,43.438,44.237,44.799,100606.16,104086.14,81336.29,1.25,107
2020/3/5,44.35,46.02,45.79,44.33,152438.09,1.54,3.48,43.848,44.166,44.834,116721.76,106039.62,86559.32,2.19,106
2020/3/6,45,46.05,45.3,44.8,77752.42,-0.49,-1.07,44.368,44.074,44.819,103617.76,105758.14,87070.85,1.12,105
2020/3/9,44.62,44.63,43.67,43,99554.98,-1.63,-3.6,44.442,43.921,44.747,101526.94,105486.64,88812.1,1.43,104
2020/3/10,43.01,44.7,44.46,43,78369.04,0.79,1.81,44.694,43.943,44.692,99076.49,104077.94,88986.95,1.13,103
2020/3/11,44.45,45.5,44.72,44.3,80811.72,0.26,0.58,44.788,44.113,44.642,97785.25,99195.71,90728.17,1.16,102
2020/3/12,44.65,44.65,43.68,43.31,58648.13,-1.04,-2.33,44.366,44.107,44.577,79027.26,97874.51,91486.41,0.84,101
2020/3/13,41.02,43.3,43,41.01,53067.68,-0.68,-1.56,43.906,44.137,44.477,74090.31,88854.03,92189.13,0.76,100
2020/3/16,43.06,43.27,40.1,39.99,80239.35,-2.9,-6.74,43.192,43.817,44.207,70227.18,85877.06,93155.33,1.15,99
2020/3/17,39.88,40.74,38.25,37.93,108840.24,-1.85,-4.61,41.95,43.322,43.844,76321.42,87698.96,95890.83,1.56,98
2020/3/18,38.6,39.22,38.11,38.11,86973.09,-0.14,-0.37,40.628,42.708,43.473,77553.7,87669.47,95877.81,1.25,97
2020/3/19,38.11,38.24,37.68,36.4,89213.42,-0.43,-1.13,39.428,41.897,43.032,83666.76,81347.01,93693.32,1.28,96
2020/3/20,37.68,39.2,39.2,37.68,69403.03,1.52,4.03,38.668,41.287,42.681,86933.83,80512.07,93135.1,1,95
2020/3/23,38.16,39.95,39.34,38,73678.14,0.14,0.36,38.516,40.854,42.388,85621.58,77924.38,91705.51,1.06,94
2020/3/24,41.3,43.27,43.27,41.01,205310.2,3.93,9.99,39.52,40.735,42.339,104915.58,90618.5,97348.22,2.95,93
2020/3/25,44.48,45.28,44.88,43.2,156318.81,1.61,3.72,40.874,40.751,42.432,118784.72,98169.21,98682.46,2.25,92
2020/3/26,44.48,45.38,44.11,43.9,88249.33,-0.77,-1.72,42.16,40.794,42.451,118591.9,101129.33,99501.92,1.27,91
2020/3/27,44.5,45.7,44.45,44.25,86525.43,0.34,0.77,43.21,40.939,42.538,122016.38,104475.1,96664.57,1.24,90
2020/3/30,44.34,46.66,46.1,43.75,136794.42,1.65,3.71,44.562,41.539,42.678,134639.64,110130.61,98003.84,1.97,89
2020/3/31,46.05,46.48,45.71,45.36,73561.51,-0.39,-0.85,45.05,42.285,42.804,108289.9,106602.74,97150.85,1.06,88
2020/4/1,45.72,46.2,45.35,44.57,60648.29,-0.36,-0.79,45.144,43.009,42.859,89155.8,103970.26,95819.87,0.87,87
2020/4/2,44.84,45.01,45.01,43.96,68053.3,-0.34,-0.75,45.324,43.742,42.82,85116.59,101854.25,91600.63,0.98,86
2020/4/3,44.81,46.18,45.37,44.78,72310.79,0.36,0.8,45.508,44.359,42.823,82273.66,102145.02,91328.55,1.04,85
2020/4/7,45.5,46.95,46.54,45.5,73037.16,1.17,2.58,45.596,45.079,42.967,69522.21,102080.92,90002.65,1.05,84
2020/4/8,46.26,46.78,45.81,45.62,40282.61,-0.73,-1.57,45.616,45.333,43.034,62866.43,85578.17,88098.33,0.58,83
2020/4/9,46.11,46.89,46.72,45.41,62921.24,0.91,1.99,45.89,45.517,43.134,63321.02,76238.41,87203.81,0.9,82
2020/4/10,46.74,48.63,47.05,46.5,100537.22,0.33,0.71,46.298,45.811,43.303,69817.8,77467.2,89298.26,1.44,81
2020/4/13,46.93,48.8,47.9,46.2,83308.47,0.85,1.81,46.804,46.156,43.548,72017.34,77145.5,90810.3,1.2,80
2020/4/14,47.8,47.84,47.25,46.8,65357.53,-0.65,-1.36,46.946,46.271,43.905,70481.41,70001.81,90066.21,0.94,79
2020/4/15,47.24,47.66,46.13,46.11,56091.71,-1.12,-2.37,47.01,46.313,44.299,73643.23,68254.83,87428.79,0.81,78
2020/4/16,45.98,46.75,46.55,45,57872.89,0.42,0.91,46.976,46.433,44.721,72633.56,67977.29,85973.78,0.83,77
2020/4/17,46.79,47.3,46.55,45.92,55416.83,0,0,46.876,46.587,45.165,63609.49,66713.65,84283.95,0.8,76
2020/4/20,46.83,47.01,46.89,45.92,51554.96,0.34,0.73,46.674,46.739,45.549,57258.78,64638.06,83391.54,0.74,75
2020/4/21,46.67,46.85,45.67,45.3,41252.87,-1.22,-2.6,46.358,46.652,45.866,52437.85,61459.63,81770.28,0.59,74
2020/4/22,45.37,46.93,46.79,45.12,51841.94,1.12,2.45,46.49,46.75,46.042,51587.9,62615.57,74096.87,0.74,73
2020/4/23,46.79,47.76,47.28,46.72,49206.4,0.49,1.05,46.636,46.806,46.162,49854.6,61244.08,68741.25,0.71,72
2020/4/24,47.34,49.47,48.82,46.9,122804.25,1.54,3.26,47.09,46.983,46.397,63332.08,63470.79,70468.99,1.76,71
2020/4/27,48.83,50.1,49.64,48.35,79409.1,0.82,1.68,47.64,47.157,46.657,68902.91,63080.85,70113.17,1.14,70
2020/4/28,49.53,51,50,48.88,82731.75,0.36,0.72,48.506,47.432,46.852,77198.69,64818.27,67410.04,1.19,69
2020/4/29,49.9,51.08,51.05,48.88,101534.22,1.05,2.1,49.358,47.924,47.119,87137.14,69362.52,68808.68,1.46,68
2020/4/30,52.6,54.5,52.75,51.28,141101.23,1.7,3.33,50.452,48.544,47.489,105516.11,77685.36,72831.32,2.03,67
2020/5/6,53.18,55.26,55.26,53.18,145779.27,2.51,4.76,51.74,49.415,48.001,110111.11,86721.6,76717.62,2.09,66
2020/5/7,55.36,55.87,55.5,54.12,86616.69,0.24,0.43,52.912,50.276,48.508,111552.63,90227.77,77432.92,1.24,65
2020/5/8,55.38,57,55.36,54.7,111772.69,-0.14,-0.25,53.984,51.245,48.949,117360.82,97279.75,79369.69,1.61,64
2020/5/11,54.8,55.66,54.79,54.65,69487.94,-0.57,-1.03,54.732,52.045,49.398,110951.56,99044.35,80829.96,1,63
2020/5/12,55.33,56.77,55.93,54.62,65160.78,1.14,2.08,55.368,52.91,49.858,95763.47,100639.79,80941.94,0.94,62
2020/5/13,55.92,59.97,59.46,55.55,101293.65,3.53,6.31,56.208,53.974,50.479,86866.35,98488.73,80979.76,1.46,61
2020/5/14,59.2,62.37,60.32,58.45,137730.45,0.86,1.45,57.172,55.042,51.1,97089.1,104320.87,83700.86,1.98,60
2020/5/15,60.99,61.5,60.68,60.02,59042.17,0.36,0.6,58.236,56.11,51.771,86543,101951.91,83385.09,0.85,59
2020/5/18,60.3,61.67,61.25,59.6,54423.72,0.57,0.94,59.528,57.13,52.527,83530.15,97240.86,83301.69,0.78,58
2020/5/19,61,61.09,60.7,58.51,80745.09,-0.55,-0.9,60.482,57.925,53.235,86647.02,91205.25,84445.3,1.16,57
2020/5/20,60,61.3,60.81,59.2,64117.24,0.11,0.18,60.752,58.48,53.948,79211.73,83039.04,84880.32,0.92,56
2020/5/21,60.8,61.18,59.88,59.41,77755.4,-0.93,-1.53,60.664,58.918,54.597,67216.72,82152.91,86190.34,1.12,55
2020/5/22,60.36,60.36,58.58,58.2,76076.73,-1.3,-2.17,60.244,59.24,55.243,70623.64,78583.32,87931.54,1.09,54
2020/5/25,58.68,60.3,59.58,56.56,70432.45,1,1.71,59.91,59.719,55.882,73825.38,78677.77,88861.06,1.01,53
2020/5/26,60.17,61.97,61.05,60.17,60399.71,1.47,2.47,59.98,60.231,56.571,69756.31,78201.66,89420.73,0.87,52
2020/5/27,61.05,63.27,61.05,60.63,51952.02,0,0,60.028,60.39,57.182,67323.26,73267.5,85878.12,0.75,51
2020/5/28,60.82,62.11,61.9,60.18,47528.61,0.85,1.39,60.432,60.548,57.795,61277.9,64247.31,84284.09,0.68,50
2020/5/29,61.9,63.68,63.29,61.28,50114.19,1.39,2.25,61.374,60.809,58.46,56085.4,63354.52,82653.21,0.72,49
2020/6/1,63.5,65,64.36,62.89,75315.39,1.07,1.69,62.33,61.12,59.125,57061.98,65443.68,81342.27,1.08,48
2020/6/2,64.1,64.1,61.76,61.2,91919.4,-2.6,-4.04,62.472,61.226,59.576,63365.92,66561.11,78883.18,1.32,47
2020/6/3,62.29,63.5,63.3,60.77,65580.92,1.54,2.49,62.922,61.475,59.978,66091.7,66707.48,74873.26,0.94,46
2020/6/4,63.53,67.3,67.3,63.53,125062.94,4,6.32,64.002,62.217,60.568,81598.57,71438.24,76795.57,1.8,45
2020/6/5,67.4,67.4,65.54,63.58,136080.12,-1.76,-2.62,64.452,62.913,61.077,98791.75,77438.58,78010.95,1.96,44
2020/6/8,64.97,65.14,64.49,63.03,78021.6,-1.05,-1.6,64.478,63.404,61.562,99333,78197.49,78437.63,1.12,43
2020/6/9,64.49,64.85,64.45,63.98,43457.58,-0.04,-0.06,65.016,63.744,61.988,89640.63,76503.28,77352.47,0.62,42
2020/6/10,64.24,65.25,64.99,64.1,45653.83,0.54,0.84,65.354,64.138,62.264,85655.21,75873.46,74570.48,0.66,41
2020/6/11,64.94,64.97,62.75,62.51,77550.3,-2.24,-3.45,64.444,64.223,62.386,76152.69,78875.63,71561.47,1.11,40
2020/6/12,61.2,65.06,64.35,60.99,68463,1.6,2.55,64.206,64.329,62.569,62629.26,80710.51,72032.51,0.98,39
2020/6/15,64.35,66,63.75,63.73,64801.73,-0.6,-0.93,64.058,64.268,62.694,59985.29,79659.14,72551.41,0.93,38
2020/6/16,64.74,65.5,64.78,63.9,53977.02,1.03,1.62,64.124,64.57,62.898,62089.18,75864.9,71213.01,0.78,37
2020/6/17,64.76,64.95,64.5,63.9,37827.67,-0.28,-0.43,64.026,64.69,63.083,60523.94,73089.58,69898.53,0.54,36
2020/6/18,64.14,67.3,65.98,63.9,59503.27,1.48,2.29,64.672,64.558,63.388,56914.54,66533.61,68985.92,0.86,35
2020/6/19,66.31,70.67,70.3,66.31,80496.63,4.32,6.55,65.862,65.034,63.974,59321.26,60975.26,69206.92,1.16,34
2020/6/22,70.2,70.3,68.87,68.2,83623.65,-1.43,-2.03,66.886,65.472,64.438,63085.65,61535.47,69866.48,1.2,33
2020/6/23,68.92,73.56,72.7,68.69,93601.61,3.83,5.56,68.47,66.297,65.021,71010.57,66549.87,71526.57,1.35,32
2020/6/24,72.12,72.5,72.2,69.28,89072.05,0.05,0.07,70.01,67.018,65.578,81259.44,70891.69,73382.58,1.28,31
2020/6/29,70.5,73.5,71.94,69.6,58118.89,-0.26,-0.36,71.202,67.937,66.08,80982.57,68948.55,73912.09,0.84,30
2020/6/30,71.94,78.86,76.5,71.94,84884.27,4.56,6.34,72.442,69.152,66.741,81860.09,70590.68,75650.59,1.22,29
2020/7/1,76.01,81.95,80.36,75.2,83510.78,3.86,5.05,74.74,70.813,67.541,81837.52,72461.58,76060.36,1.2,28
2020/7/2,80,81.18,78.82,78,85175.8,-1.54,-1.92,75.964,72.217,68.394,80152.36,75581.46,75723.18,1.22,27
2020/7/3,77.88,78.68,78.54,74.7,85568.56,-0.28,-0.35,77.232,73.621,69.156,79451.66,80355.55,76722.57,1.23,26
2020/7/6,77.97,78.07,77.26,76.07,108257.78,-1.28,-1.63,78.296,74.749,69.654,89479.44,85231,75882.31,1.56,25
2020/7/7,77.27,80.22,79.63,75.51,102605.8,2.37,3.07,78.922,75.682,70.358,93023.74,87441.92,74208.59,1.47,24
2020/7/8,78.8,79.05,78.39,77,79401.75,-1.24,-1.56,78.528,76.634,71.053,92201.94,87019.73,74277.6,1.14,23
2020/7/9,78,78.32,78,77.01,90244.66,-0.39,-0.5,78.364,77.164,71.731,93215.71,86684.03,76616.95,1.3,22
2020/7/10,78,80.53,78.25,77.17,78559.25,0.25,0.32,78.306,77.769,72.394,91813.85,85632.75,78262.22,1.13,21
2020/7/13,78,81.85,80.85,76.98,97709.16,2.6,3.32,79.024,78.66,73.299,89704.12,89591.78,79270.17,1.4,20
2020/7/14,80.85,84.84,82.94,80,86531.35,2.09,2.58,79.686,79.304,74.228,86489.23,89756.49,80173.58,1.24,19
2020/7/15,82.94,89.37,86.6,82.94,101987.63,3.66,4.41,81.328,79.928,75.371,91006.41,91604.17,82032.88,1.47,18
2020/7/16,86.59,86.6,78.31,78.11,114187.36,-8.29,-9.57,81.39,79.877,76.047,95794.95,94505.33,85043.4,1.64,17
2020/7/17,77,83.19,81.51,76.5,71561.58,3.2,4.09,82.042,80.174,76.898,94395.42,93104.63,86730.09,1.03,16
2020/7/20,81.51,82.99,80.09,78.01,85033.23,-1.42,-1.74,81.89,80.457,77.603,91860.23,90782.18,88006.59,1.22,15
2020/7/21,79.99,83.41,81.77,78.55,54424.78,1.68,2.1,81.656,80.671,78.177,85438.92,85964.08,86703,0.78,14
2020/7/22,80.69,86.66,83.59,80.46,74815.28,1.82,2.23,81.054,81.191,78.913,80004.45,85505.43,86262.58,1.08,13
2020/7/23,83,85.5,85.04,81.42,63953.49,1.45,1.74,82.4,81.895,79.53,69957.67,82876.31,84780.17,0.92,12
2020/7/24,84.75,85.47,80.33,79,73235.7,-4.71,-5.54,82.164,82.103,79.936,70292.5,82343.96,83988.36,1.05,11
2020/7/27,80.23,82.37,80.48,78.78,45690.34,0.15,0.19,82.242,82.066,80.363,62423.92,77142.07,83366.93,0.66,10
2020/7/28,81,84.6,83.35,80.25,68484.14,2.87,3.57,82.558,82.107,80.706,65235.79,75337.35,82546.92,0.98,9
2020/7/29,83.22,84.09,84.05,81.5,56341.29,0.7,0.84,82.65,81.852,80.89,61540.99,70772.72,81188.45,0.81,8
2020/7/30,83.99,87,84.58,82.61,72192.04,0.53,0.63,82.558,82.479,81.178,63188.7,66573.19,80539.26,1.04,7
2020/7/31,84.57,85,83,81.71,89232.13,-1.58,-1.87,83.092,82.628,81.401,66387.99,68340.24,80722.44,1.28,6
2020/8/3,83,83.35,82.35,80.2,102815.07,-0.65,-0.78,83.466,82.854,81.656,77812.93,70118.43,80450.3,1.48,5
2020/8/4,82,83.02,81.03,80.4,76651.17,-1.32,-1.6,83.002,82.78,81.726,79446.34,72341.07,79152.57,1.1,4
2020/8/5,80.12,81.69,81.11,79.26,61229.46,0.08,0.1,82.414,82.532,81.862,80423.97,70982.48,78243.96,0.88,3
2020/8/6,81.11,81.35,78.8,78.19,86453.14,-2.31,-2.85,81.258,81.908,81.902,83276.19,73232.45,78054.38,1.24,2
2020/8/7,79.2,79.49,76.95,74.51,89969.45,-1.85,-2.35,80.048,81.57,81.837,83423.66,74905.82,78624.89,1.29,1
2020/8/10,78.5,78.5,76.83,75.1,53583.3,-0.12,-0.16,78.944,81.205,81.636,73577.3,75695.12,76418.6,0.77,0
